Date,DE0 0,DE0 1,DE0 2,DE0 3
2013-03-01 00:00:00,2706.0,69.8,2325.0,0.0
2013-03-01 01:00:00,2610.0,83.7,2333.9,0.0
2013-03-01 02:00:00,2444.0,84.6,2393.4,0.0
2013-03-01 03:00:00,2071.0,107.7,2611.1,0.0
2013-03-01 04:00:00,1795.0,145.5,2509.1,0.1
2013-03-01 05:00:00,1664.0,192.1,2666.8,0.0
2013-03-01 06:00:00,1621.0,231.5,2564.8,0.1
2013-03-01 07:00:00,1441.0,195.2,2601.2,0.1
2013-03-01 08:00:00,1420.0,221.1,2316.6,0.1
2013-03-01 09:00:00,1570.0,257.1,2154.4,0.0
2013-03-01 10:00:00,1557.0,345.1,1975.2,0.1
2013-03-01 11:00:00,1663.0,350.9,1729.4,0.1
2013-03-01 12:00:00,1939.0,387.4,1532.8,0.5
2013-03-01 13:00:00,1975.0,358.9,1521.4,2.2
2013-03-01 14:00:00,2241.0,332.4,1489.2,2.0
2013-03-01 15:00:00,2299.0,364.2,1299.3,1.2
2013-03-01 16:00:00,1897.0,428.6,1078.4,1.9
2013-03-01 17:00:00,2136.0,395.5,884.1,1.9
2013-03-01 18:00:00,2667.0,393.3,805.2,2.1
2013-03-01 19:00:00,2793.0,439.0,736.1,2.4
2013-03-01 20:00:00,2561.0,295.8,647.3,1.5
2013-03-01 21:00:00,2261.0,216.3,492.2,1.8
2013-03-01 22:00:00,1912.0,81.1,413.6,3.1
2013-03-01 23:00:00,1493.0,86.5,292.4,3.6
2013-03-02 00:00:00,1166.0,108.1,255.9,5.3
2013-03-02 01:00:00,995.0,140.2,344.3,3.4
2013-03-02 02:00:00,899.0,78.7,417.9,3.9
2013-03-02 03:00:00,831.0,63.4,474.6,2.6
2013-03-02 04:00:00,838.0,119.9,533.5,2.6
2013-03-02 05:00:00,810.0,89.0,570.1,4.2
2013-03-02 06:00:00,851.0,65.9,673.0,2.8
2013-03-02 07:00:00,948.0,79.6,748.5,2.5
2013-03-02 08:00:00,973.0,74.9,677.4,0.9
2013-03-02 09:00:00,1095.0,130.9,808.9,1.5
2013-03-02 10:00:00,1444.0,92.8,1092.9,1.9
2013-03-02 11:00:00,1770.0,61.7,1417.2,2.2
2013-03-02 12:00:00,2311.0,67.1,1806.1,1.1
2013-03-02 13:00:00,2682.0,63.3,2135.1,0.7
2013-03-02 14:00:00,2977.0,65.6,2415.9,0.7
2013-03-02 15:00:00,2976.0,103.2,2693.2,0.3
2013-03-02 16:00:00,3148.0,112.6,2945.9,0.2
2013-03-02 17:00:00,3360.0,132.9,3016.3,0.0
2013-03-02 18:00:00,3782.0,161.6,3493.6,0.0
2013-03-02 19:00:00,4346.0,170.2,3909.1,0.3
2013-03-02 20:00:00,4945.0,167.6,3966.1,1.3
2013-03-02 21:00:00,5213.0,150.8,4167.4,1.8
2013-03-02 22:00:00,5014.0,191.6,4234.9,3.2
2013-03-02 23:00:00,5304.0,214.6,4049.3,3.9
2013-03-03 00:00:00,5307.0,261.8,3731.4,2.9
2013-03-03 01:00:00,4865.0,366.6,3614.1,2.0
2013-03-03 02:00:00,5000.0,358.5,3377.0,1.3
2013-03-03 03:00:00,4807.0,281.1,3237.9,1.6
2013-03-03 04:00:00,4784.0,255.8,2898.8,3.6
2013-03-03 05:00:00,4647.0,182.6,2532.3,2.9
2013-03-03 06:00:00,4336.0,118.4,2337.4,1.2
2013-03-03 07:00:00,4017.0,100.7,2045.3,0.8
2013-03-03 08:00:00,3542.0,74.7,2039.5,0.0
2013-03-03 09:00:00,3226.0,67.8,2299.2,0.0
2013-03-03 10:00:00,2715.0,99.7,2634.1,0.0
2013-03-03 11:00:00,2353.0,107.9,2248.6,0.0
2013-03-03 12:00:00,2302.0,79.6,2086.9,0.4
2013-03-03 13:00:00,2327.0,88.5,1844.0,0.2
2013-03-03 14:00:00,2177.0,170.5,1563.1,0.4
2013-03-03 15:00:00,2185.0,78.3,1261.6,0.8
2013-03-03 16:00:00,1705.0,76.1,979.9,0.6
2013-03-03 17:00:00,1285.0,142.7,817.5,5.1
2013-03-03 18:00:00,1250.0,149.9,819.7,13.5
2013-03-03 19:00:00,1178.0,148.5,762.2,15.4
2013-03-03 20:00:00,892.0,285.7,809.6,18.5
2013-03-03 21:00:00,745.0,268.5,686.0,16.7
2013-03-03 22:00:00,433.0,289.9,502.0,23.5
2013-03-03 23:00:00,222.0,682.0,443.9,34.1
2013-03-04 00:00:00,46.0,478.7,426.0,34.2
2013-03-04 01:00:00,44.0,805.8,320.1,34.4
2013-03-04 02:00:00,60.0,771.1,314.6,33.5
2013-03-04 03:00:00,84.0,634.8,375.0,22.9
2013-03-04 04:00:00,71.0,732.8,429.2,25.7
2013-03-04 05:00:00,109.0,740.3,566.7,34.0
2013-03-04 06:00:00,133.0,894.2,834.1,30.2
2013-03-04 07:00:00,265.0,1080.3,915.5,45.7
2013-03-04 08:00:00,226.0,1001.0,663.9,42.3
2013-03-04 09:00:00,178.0,947.0,469.2,20.6
2013-03-04 10:00:00,312.0,1034.7,399.7,25.2
2013-03-04 11:00:00,385.0,815.3,503.6,16.6
2013-03-04 12:00:00,424.0,694.3,613.2,6.0
2013-03-04 13:00:00,358.0,672.6,663.6,13.8
2013-03-04 14:00:00,474.0,571.1,870.4,25.4
2013-03-04 15:00:00,564.0,638.7,1042.5,17.6
2013-03-04 16:00:00,746.0,793.1,1147.2,23.7
2013-03-04 17:00:00,1111.0,1111.5,1647.2,32.6
2013-03-04 18:00:00,1766.0,1804.5,3022.8,52.6
2013-03-04 19:00:00,2454.0,1634.3,3924.9,43.0
2013-03-04 20:00:00,2920.0,1491.0,4046.9,46.8
2013-03-04 21:00:00,3081.0,1512.6,4039.8,22.7
2013-03-04 22:00:00,2714.0,1224.1,4061.2,21.5
2013-03-04 23:00:00,2429.0,1225.6,3854.6,39.5
2013-03-05 00:00:00,2437.0,1100.9,3449.9,37.7
2013-03-05 01:00:00,2288.0,769.9,3431.6,35.0
2013-03-05 02:00:00,2279.0,637.2,3295.5,32.4
2013-03-05 03:00:00,2509.0,707.3,3051.8,19.6
2013-03-05 04:00:00,2728.0,723.7,2670.3,17.4
2013-03-05 05:00:00,2784.0,795.7,2403.3,17.7
2013-03-05 06:00:00,2826.0,578.6,2380.7,18.6
2013-03-05 07:00:00,2202.0,464.6,1876.7,21.6
2013-03-05 08:00:00,1354.0,256.5,1218.3,25.1
2013-03-05 09:00:00,1201.0,123.4,717.4,16.8
2013-03-05 10:00:00,1025.0,86.0,488.0,11.2
2013-03-05 11:00:00,988.0,79.9,357.7,5.9
2013-03-05 12:00:00,997.0,77.4,336.3,6.6
2013-03-05 13:00:00,1224.0,47.1,349.8,5.2
2013-03-05 14:00:00,1425.0,54.0,352.7,4.3
2013-03-05 15:00:00,1460.0,63.3,349.0,3.5
2013-03-05 16:00:00,1390.0,58.3,396.4,7.0
2013-03-05 17:00:00,1679.0,130.9,644.3,14.1
2013-03-05 18:00:00,2086.0,317.4,1049.2,20.0
2013-03-05 19:00:00,2134.0,378.5,1279.8,24.6
2013-03-05 20:00:00,2030.0,343.4,1440.2,26.4
2013-03-05 21:00:00,1645.0,313.1,1136.1,26.1
2013-03-05 22:00:00,1353.0,222.1,963.2,14.2
2013-03-05 23:00:00,1196.0,228.4,756.6,10.9
2013-03-06 00:00:00,1127.0,186.6,525.0,7.7
2013-03-06 01:00:00,981.0,198.0,437.7,24.3
2013-03-06 02:00:00,963.0,169.4,375.0,10.3
2013-03-06 03:00:00,813.0,150.1,298.8,5.9
2013-03-06 04:00:00,696.0,160.7,273.8,35.0
2013-03-06 05:00:00,467.0,271.3,327.2,11.5
2013-03-06 06:00:00,430.0,230.1,465.4,12.0
2013-03-06 07:00:00,459.0,393.9,471.4,12.8
2013-03-06 08:00:00,219.0,252.7,413.5,15.0
2013-03-06 09:00:00,38.0,193.9,338.6,10.1
2013-03-06 10:00:00,29.0,185.7,222.4,13.4
2013-03-06 11:00:00,15.0,341.9,191.9,10.5
2013-03-06 12:00:00,2.0,227.7,193.3,4.7
2013-03-06 13:00:00,37.0,152.2,173.8,6.9
2013-03-06 14:00:00,43.0,187.8,195.3,7.1
2013-03-06 15:00:00,97.0,230.0,325.0,10.1
2013-03-06 16:00:00,231.0,273.2,743.8,14.3
2013-03-06 17:00:00,679.0,502.0,1506.4,20.4
2013-03-06 18:00:00,1165.0,911.8,2180.7,21.7
2013-03-06 19:00:00,1672.0,1258.5,2737.3,14.4
2013-03-06 20:00:00,1724.0,1343.5,3298.3,19.4
2013-03-06 21:00:00,2047.0,1101.4,3575.3,23.8
2013-03-06 22:00:00,2222.0,1252.1,3197.9,16.5
2013-03-06 23:00:00,2787.0,1054.0,3101.9,15.1
2013-03-07 00:00:00,2656.0,849.5,3186.6,9.7
2013-03-07 01:00:00,2497.0,710.1,3333.6,27.9
2013-03-07 02:00:00,2518.0,747.2,3478.6,20.6
2013-03-07 03:00:00,2784.0,701.7,3499.2,16.5
2013-03-07 04:00:00,3196.0,802.7,3586.1,15.2
2013-03-07 05:00:00,3126.0,893.5,3661.4,13.0
2013-03-07 06:00:00,3250.0,852.5,4140.4,7.0
2013-03-07 07:00:00,3209.0,620.1,4121.9,4.9
2013-03-07 08:00:00,2910.0,635.5,4310.6,3.8
2013-03-07 09:00:00,2598.0,532.2,4383.5,0.2
2013-03-07 10:00:00,2875.0,467.7,4475.0,0.1
2013-03-07 11:00:00,3031.0,480.9,4494.0,0.1
2013-03-07 12:00:00,3392.0,483.3,4954.9,0.4
2013-03-07 13:00:00,3505.0,489.2,5091.1,2.6
2013-03-07 14:00:00,3989.0,392.4,5553.5,2.9
2013-03-07 15:00:00,4162.0,571.9,5848.0,2.8
2013-03-07 16:00:00,4276.0,656.8,6118.9,1.8
2013-03-07 17:00:00,4462.0,961.5,6361.9,3.4
2013-03-07 18:00:00,4688.0,1303.2,6584.1,5.2
2013-03-07 19:00:00,4747.0,1402.6,6397.9,7.3
2013-03-07 20:00:00,4599.0,1321.8,5996.5,7.7
2013-03-07 21:00:00,4380.0,1259.3,5962.1,10.1
2013-03-07 22:00:00,3890.0,1097.6,6276.0,4.8
2013-03-07 23:00:00,3931.0,1138.2,6350.2,5.5
2013-03-08 00:00:00,3881.0,1129.8,6160.2,6.9
2013-03-08 01:00:00,4235.0,954.4,6365.1,5.4
2013-03-08 02:00:00,3980.0,1100.7,6400.6,10.0
2013-03-08 03:00:00,3937.0,915.0,6647.1,11.5
2013-03-08 04:00:00,3951.0,1010.0,6608.6,11.5
2013-03-08 05:00:00,3590.0,971.6,6658.9,9.9
2013-03-08 06:00:00,3540.0,1157.9,6522.2,9.0
2013-03-08 07:00:00,3642.0,1104.2,6330.5,6.4
2013-03-08 08:00:00,3823.0,961.8,6346.0,8.3
2013-03-08 09:00:00,3882.0,1099.0,6166.2,5.8
2013-03-08 10:00:00,3902.0,1172.3,6273.0,5.0
2013-03-08 11:00:00,3933.0,1134.3,6455.2,4.3
2013-03-08 12:00:00,4069.0,1178.1,6350.2,1.8
2013-03-08 13:00:00,4115.0,1064.2,6303.2,1.8
2013-03-08 14:00:00,4185.0,1098.9,6391.8,5.4
2013-03-08 15:00:00,3722.0,1310.2,6470.2,4.9
2013-03-08 16:00:00,3383.0,1260.7,6462.1,9.0
2013-03-08 17:00:00,2944.0,1296.2,6567.1,16.5
2013-03-08 18:00:00,2635.0,1497.5,6766.2,17.6
2013-03-08 19:00:00,2726.0,1684.0,6417.9,19.8
2013-03-08 20:00:00,2665.0,1513.9,6473.5,28.4
2013-03-08 21:00:00,2386.0,1499.7,5951.1,31.0
2013-03-08 22:00:00,2371.0,1659.9,5896.2,24.6
2013-03-08 23:00:00,1959.0,1679.4,5807.6,21.7
2013-03-09 00:00:00,1780.0,1749.1,5668.2,23.4
2013-03-09 01:00:00,1713.0,2013.5,5615.1,22.1
2013-03-09 02:00:00,1655.0,2107.6,5595.4,24.7
2013-03-09 03:00:00,1777.0,2056.8,5722.2,20.4
2013-03-09 04:00:00,1779.0,1984.8,5823.6,22.6
2013-03-09 05:00:00,1856.0,2088.0,5973.6,18.2
2013-03-09 06:00:00,1806.0,2117.0,6206.6,22.5
2013-03-09 07:00:00,2129.0,1960.4,6151.0,21.2
2013-03-09 08:00:00,2457.0,1739.1,6111.4,19.9
2013-03-09 09:00:00,2521.0,1633.1,5712.4,12.3
2013-03-09 10:00:00,2393.0,1604.3,5108.9,8.9
2013-03-09 11:00:00,2672.0,1524.8,4804.1,9.4
2013-03-09 12:00:00,2375.0,1253.7,4280.8,16.3
2013-03-09 13:00:00,2413.0,943.9,3868.7,14.8
2013-03-09 14:00:00,2403.0,805.0,3724.6,11.3
2013-03-09 15:00:00,2340.0,911.3,3405.2,10.0
2013-03-09 16:00:00,2280.0,566.3,3489.1,7.6
2013-03-09 17:00:00,2165.0,571.0,3730.9,24.6
2013-03-09 18:00:00,2400.0,603.2,3796.9,2.8
2013-03-09 19:00:00,2434.0,647.6,4013.3,5.6
2013-03-09 20:00:00,2300.0,578.9,3957.3,17.4
2013-03-09 21:00:00,2175.0,573.6,3949.3,11.0
2013-03-09 22:00:00,2388.0,546.1,3945.1,15.0
2013-03-09 23:00:00,2076.0,520.5,3993.1,25.4
2013-03-10 00:00:00,2254.0,468.7,3787.4,22.5
2013-03-10 01:00:00,2337.0,551.8,3877.4,20.6
2013-03-10 02:00:00,2595.0,584.9,3858.2,22.2
2013-03-10 03:00:00,2769.0,663.1,3962.3,21.9
2013-03-10 04:00:00,2926.0,721.8,3789.5,16.4
2013-03-10 05:00:00,2975.0,680.2,3873.9,15.4
2013-03-10 06:00:00,3003.0,661.0,3984.9,16.7
2013-03-10 07:00:00,3157.0,899.8,3981.2,10.4
2013-03-10 08:00:00,3037.0,1002.3,3945.1,8.9
2013-03-10 09:00:00,3016.0,1096.7,4146.0,10.6
2013-03-10 10:00:00,3063.0,1196.0,4111.4,12.8
2013-03-10 11:00:00,2977.0,1293.7,4401.9,18.7
2013-03-10 12:00:00,2925.0,1068.7,4681.4,19.3
2013-03-10 13:00:00,2832.0,1013.5,4554.0,20.4
2013-03-10 14:00:00,2757.0,957.6,4471.2,19.6
2013-03-10 15:00:00,2828.0,1030.1,4574.1,25.6
2013-03-10 16:00:00,2763.0,1175.1,4748.1,44.6
2013-03-10 17:00:00,2710.0,954.1,4581.2,17.9
2013-03-10 18:00:00,2898.0,941.5,4613.1,16.4
2013-03-10 19:00:00,2663.0,1015.7,4520.1,23.7
2013-03-10 20:00:00,2585.0,890.8,4412.5,15.5
2013-03-10 21:00:00,2266.0,909.2,4048.8,14.7
2013-03-10 22:00:00,2139.0,951.9,3832.7,9.8
2013-03-10 23:00:00,1988.0,794.8,3656.5,5.1
2013-03-11 00:00:00,1842.0,769.6,3612.1,2.2
2013-03-11 01:00:00,1713.0,685.6,3652.5,0.5
2013-03-11 02:00:00,1622.0,720.4,3655.9,1.1
2013-03-11 03:00:00,1588.0,713.1,3437.1,1.1
2013-03-11 04:00:00,1591.0,739.3,3228.3,1.1
2013-03-11 05:00:00,1514.0,722.2,2810.9,1.1
2013-03-11 06:00:00,1347.0,802.8,2727.0,1.2
2013-03-11 07:00:00,1321.0,553.1,2675.8,2.4
2013-03-11 08:00:00,1419.0,653.4,2964.1,2.5
2013-03-11 09:00:00,1393.0,702.5,3297.4,2.0
2013-03-11 10:00:00,1260.0,724.9,3394.8,1.7
2013-03-11 11:00:00,1232.0,641.3,3344.6,1.9
2013-03-11 12:00:00,1257.0,786.5,3356.9,2.4
2013-03-11 13:00:00,1105.0,851.3,3321.7,1.9
2013-03-11 14:00:00,997.0,861.8,3203.1,3.4
2013-03-11 15:00:00,1039.0,809.0,3214.8,3.7
2013-03-11 16:00:00,955.0,695.2,2799.4,2.8
2013-03-11 17:00:00,1030.0,773.8,2489.4,6.2
2013-03-11 18:00:00,894.0,782.1,2297.0,6.1
2013-03-11 19:00:00,833.0,810.1,2244.7,5.3
2013-03-11 20:00:00,785.0,918.2,2169.9,6.4
2013-03-11 21:00:00,712.0,917.0,2142.4,4.1
2013-03-11 22:00:00,660.0,805.7,2049.2,5.7
2013-03-11 23:00:00,645.0,958.2,1917.5,2.6
2013-03-12 00:00:00,584.0,960.6,1761.9,5.1
2013-03-12 01:00:00,419.0,1137.0,1774.2,5.7
2013-03-12 02:00:00,429.0,913.0,1713.5,5.2
2013-03-12 03:00:00,470.0,1022.6,1611.3,5.8
2013-03-12 04:00:00,525.0,1255.6,1609.6,5.6
2013-03-12 05:00:00,550.0,1161.1,1535.6,6.7
2013-03-12 06:00:00,651.0,1239.3,1459.4,7.0
2013-03-12 07:00:00,650.0,1308.6,1248.8,8.5
2013-03-12 08:00:00,507.0,1236.3,957.9,6.9
2013-03-12 09:00:00,525.0,1247.1,985.1,12.2
2013-03-12 10:00:00,587.0,1444.6,997.0,13.6
2013-03-12 11:00:00,564.0,1298.2,979.4,9.0
2013-03-12 12:00:00,592.0,1229.9,843.4,8.7
2013-03-12 13:00:00,535.0,1121.6,769.2,39.8
2013-03-12 14:00:00,494.0,916.4,741.1,29.6
2013-03-12 15:00:00,487.0,795.4,740.6,32.3
2013-03-12 16:00:00,494.0,711.9,646.7,59.8
2013-03-12 17:00:00,502.0,891.3,537.1,38.0
2013-03-12 18:00:00,504.0,655.0,479.5,37.9
2013-03-12 19:00:00,528.0,573.8,486.9,26.5
2013-03-12 20:00:00,396.0,422.4,415.9,27.6
2013-03-12 21:00:00,386.0,575.5,420.3,16.0
2013-03-12 22:00:00,353.0,345.4,387.3,13.7
2013-03-12 23:00:00,306.0,259.1,451.8,9.9
2013-03-13 00:00:00,239.0,147.3,565.5,9.1
2013-03-13 01:00:00,174.0,106.3,759.5,5.7
2013-03-13 02:00:00,153.0,43.6,869.0,3.1
2013-03-13 03:00:00,76.0,61.8,1021.1,2.2
2013-03-13 04:00:00,101.0,150.4,1003.0,1.6
2013-03-13 05:00:00,161.0,149.5,942.7,0.8
2013-03-13 06:00:00,157.0,229.6,730.4,1.2
2013-03-13 07:00:00,154.0,232.0,690.4,0.4
2013-03-13 08:00:00,114.0,179.4,570.4,1.1
2013-03-13 09:00:00,59.0,127.9,503.8,0.7
2013-03-13 10:00:00,67.0,77.7,475.2,0.7
2013-03-13 11:00:00,55.0,48.2,537.5,1.1
2013-03-13 12:00:00,20.0,61.0,556.4,2.9
2013-03-13 13:00:00,14.0,79.6,738.6,1.7
2013-03-13 14:00:00,11.0,53.1,588.0,1.6
2013-03-13 15:00:00,6.0,57.0,604.8,2.1
2013-03-13 16:00:00,8.0,91.2,461.9,2.6
2013-03-13 17:00:00,9.0,87.7,428.2,4.0
2013-03-13 18:00:00,36.0,109.8,439.9,5.6
2013-03-13 19:00:00,108.0,163.9,570.1,6.9
2013-03-13 20:00:00,159.0,172.1,454.7,5.3
2013-03-13 21:00:00,167.0,149.7,619.4,4.9
2013-03-13 22:00:00,209.0,170.9,628.4,3.8
2013-03-13 23:00:00,214.0,221.3,659.4,3.7
2013-03-14 00:00:00,226.0,182.8,816.2,7.5
2013-03-14 01:00:00,183.0,162.4,951.2,4.9
2013-03-14 02:00:00,220.0,142.8,847.6,3.6
2013-03-14 03:00:00,186.0,176.0,833.7,2.8
2013-03-14 04:00:00,181.0,150.8,859.4,2.4
2013-03-14 05:00:00,106.0,147.3,794.3,2.3
2013-03-14 06:00:00,84.0,154.3,936.0,5.7
2013-03-14 07:00:00,107.0,198.5,966.3,1.5
2013-03-14 08:00:00,49.0,144.2,827.2,0.3
2013-03-14 09:00:00,28.0,272.7,1021.8,0.0
2013-03-14 10:00:00,27.0,241.5,1040.5,0.3
2013-03-14 11:00:00,46.0,287.5,1061.5,0.5
2013-03-14 12:00:00,109.0,334.5,942.3,1.2
2013-03-14 13:00:00,87.0,428.3,1142.2,2.6
2013-03-14 14:00:00,123.0,494.0,1077.3,3.2
2013-03-14 15:00:00,109.0,400.2,1050.9,4.6
2013-03-14 16:00:00,171.0,326.5,876.2,5.8
2013-03-14 17:00:00,188.0,387.9,715.9,2.1
2013-03-14 18:00:00,189.0,226.6,560.7,6.9
2013-03-14 19:00:00,224.0,223.7,461.2,7.8
2013-03-14 20:00:00,235.0,113.2,391.8,4.6
2013-03-14 21:00:00,367.0,51.5,307.2,1.9
2013-03-14 22:00:00,375.0,36.9,307.6,4.2
2013-03-14 23:00:00,421.0,37.4,281.0,3.6
2013-03-15 00:00:00,422.0,32.9,274.9,7.8
2013-03-15 01:00:00,472.0,35.1,272.5,6.6
2013-03-15 02:00:00,364.0,73.0,312.6,4.2
2013-03-15 03:00:00,300.0,96.9,329.1,2.7
2013-03-15 04:00:00,223.0,97.2,370.9,4.2
2013-03-15 05:00:00,185.0,127.7,425.8,4.3
2013-03-15 06:00:00,228.0,172.3,515.2,5.6
2013-03-15 07:00:00,174.0,251.1,529.8,5.7
2013-03-15 08:00:00,96.0,142.3,493.3,4.3
2013-03-15 09:00:00,84.0,167.2,640.0,3.6
2013-03-15 10:00:00,89.0,293.3,802.1,8.4
2013-03-15 11:00:00,126.0,330.8,923.5,7.3
2013-03-15 12:00:00,184.0,452.1,1050.6,4.8
2013-03-15 13:00:00,382.0,479.9,1127.1,9.0
2013-03-15 14:00:00,341.0,616.2,1242.2,7.5
2013-03-15 15:00:00,252.0,631.3,1305.8,12.3
2013-03-15 16:00:00,282.0,645.4,1488.6,10.3
2013-03-15 17:00:00,140.0,741.3,1550.6,6.1
2013-03-15 18:00:00,127.0,669.9,1948.9,4.8
2013-03-15 19:00:00,138.0,750.5,2299.1,4.6
2013-03-15 20:00:00,151.0,874.9,2512.0,4.7
2013-03-15 21:00:00,191.0,1123.7,2639.0,10.3
2013-03-15 22:00:00,316.0,1198.0,2766.6,14.1
2013-03-15 23:00:00,337.0,1298.0,2775.1,15.2
2013-03-16 00:00:00,497.0,1446.8,2817.4,11.9
2013-03-16 01:00:00,642.0,1359.3,3001.5,9.2
2013-03-16 02:00:00,900.0,1598.0,3039.7,13.7
2013-03-16 03:00:00,1101.0,1270.6,3252.8,22.2
2013-03-16 04:00:00,1346.0,1256.0,3535.9,30.8
2013-03-16 05:00:00,1704.0,1383.5,3581.8,37.2
2013-03-16 06:00:00,2154.0,1495.0,3784.6,31.3
2013-03-16 07:00:00,2345.0,1539.6,4016.9,23.5
2013-03-16 08:00:00,1967.0,1445.3,4164.6,11.7
2013-03-16 09:00:00,1975.0,1482.7,4262.1,8.9
2013-03-16 10:00:00,2488.0,1448.0,4494.6,8.9
2013-03-16 11:00:00,2607.0,1727.4,4858.2,9.3
2013-03-16 12:00:00,2833.0,1694.4,4809.6,29.0
2013-03-16 13:00:00,2848.0,1597.5,4818.8,27.7
2013-03-16 14:00:00,2934.0,1648.7,4724.8,44.0
2013-03-16 15:00:00,3138.0,1475.6,4534.5,47.0
2013-03-16 16:00:00,3402.0,1583.2,4616.6,48.1
2013-03-16 17:00:00,4104.0,1870.2,5075.2,42.4
2013-03-16 18:00:00,4944.0,2276.6,5920.8,57.5
2013-03-16 19:00:00,5242.0,2202.1,6711.6,75.1
2013-03-16 20:00:00,5265.0,2140.3,6796.9,47.4
2013-03-16 21:00:00,5223.0,1901.8,6523.9,43.1
2013-03-16 22:00:00,4892.0,1874.7,6092.4,33.9
2013-03-16 23:00:00,5070.0,1518.4,6365.0,30.8
2013-03-17 00:00:00,4992.0,1588.9,6239.2,24.2
2013-03-17 01:00:00,4925.0,1470.0,6111.4,33.3
2013-03-17 02:00:00,5175.0,1722.1,6403.0,30.0
2013-03-17 03:00:00,5207.0,1720.4,6611.9,46.5
2013-03-17 04:00:00,5282.0,1688.3,6450.0,45.2
2013-03-17 05:00:00,5559.0,1502.7,6718.0,43.5
2013-03-17 06:00:00,5677.0,1341.1,6473.6,48.6
2013-03-17 07:00:00,5283.0,1132.6,6547.6,40.2
2013-03-17 08:00:00,5324.0,1170.9,6393.9,35.5
2013-03-17 09:00:00,5446.0,1160.1,6420.9,22.4
2013-03-17 10:00:00,6204.0,1029.6,6653.4,17.9
2013-03-17 11:00:00,6792.0,1000.8,6645.2,17.7
2013-03-17 12:00:00,7324.0,777.6,6598.6,18.2
2013-03-17 13:00:00,7668.0,764.9,6885.9,17.2
2013-03-17 14:00:00,7829.0,921.4,6970.4,10.9
2013-03-17 15:00:00,7416.0,1072.9,7204.4,15.3
2013-03-17 16:00:00,7235.0,1355.0,7350.5,29.5
2013-03-17 17:00:00,7070.0,1173.2,7163.5,42.7
2013-03-17 18:00:00,7620.0,1282.7,7683.0,40.0
2013-03-17 19:00:00,7237.0,1497.2,7841.6,44.5
2013-03-17 20:00:00,6929.0,1643.0,8110.5,49.2
2013-03-17 21:00:00,6884.0,1696.6,8133.1,38.2
2013-03-17 22:00:00,6925.0,1315.4,7615.2,42.5
2013-03-17 23:00:00,7395.0,1333.2,7603.5,41.3
2013-03-18 00:00:00,7620.0,1049.3,7439.4,23.6
2013-03-18 01:00:00,7341.0,944.9,7342.1,14.6
2013-03-18 02:00:00,7032.0,805.5,7255.4,17.7
2013-03-18 03:00:00,6518.0,906.0,6652.9,14.1
2013-03-18 04:00:00,6038.0,934.9,6120.0,8.0
2013-03-18 05:00:00,5623.0,1121.8,5435.5,2.9
2013-03-18 06:00:00,5279.0,960.9,5050.8,0.4
2013-03-18 07:00:00,4927.0,779.3,4776.9,0.2
2013-03-18 08:00:00,4448.0,851.0,4277.6,0.1
2013-03-18 09:00:00,3698.0,687.4,4055.9,0.1
2013-03-18 10:00:00,3409.0,506.9,3753.9,0.0
2013-03-18 11:00:00,3285.0,407.0,3442.9,0.0
2013-03-18 12:00:00,3242.0,313.0,3653.9,0.4
2013-03-18 13:00:00,3059.0,133.4,3478.9,0.7
2013-03-18 14:00:00,3001.0,104.1,3724.3,0.6
2013-03-18 15:00:00,3120.0,141.5,3835.0,0.9
2013-03-18 16:00:00,3172.0,180.8,4066.4,2.4
2013-03-18 17:00:00,3353.0,293.5,3788.4,7.6
2013-03-18 18:00:00,2909.0,544.1,3620.4,10.5
2013-03-18 19:00:00,2605.0,813.7,3557.5,11.3
2013-03-18 20:00:00,2335.0,960.1,3366.1,15.1
2013-03-18 21:00:00,2325.0,887.1,2858.2,20.8
2013-03-18 22:00:00,2048.0,825.5,2638.4,23.8
2013-03-18 23:00:00,1893.0,973.3,2301.6,16.6
2013-03-19 00:00:00,1762.0,796.8,2138.1,18.3
2013-03-19 01:00:00,1672.0,941.7,1957.2,23.6
2013-03-19 02:00:00,1656.0,851.3,1786.0,30.3
2013-03-19 03:00:00,1673.0,681.5,1849.1,40.6
2013-03-19 04:00:00,1693.0,735.6,1748.4,45.9
2013-03-19 05:00:00,1686.0,768.3,1833.7,53.7
2013-03-19 06:00:00,1589.0,1168.7,1971.7,45.5
2013-03-19 07:00:00,1475.0,944.2,1843.3,47.1
2013-03-19 08:00:00,1363.0,919.3,1751.6,71.9
2013-03-19 09:00:00,1273.0,871.0,2147.5,67.6
2013-03-19 10:00:00,1247.0,1074.0,2424.1,71.9
2013-03-19 11:00:00,1067.0,1271.0,2511.1,78.4
2013-03-19 12:00:00,1097.0,1078.0,2468.3,90.6
2013-03-19 13:00:00,1179.0,820.0,2194.6,79.3
2013-03-19 14:00:00,1068.0,899.5,2309.9,91.5
2013-03-19 15:00:00,1019.0,952.9,2171.2,79.6
2013-03-19 16:00:00,1033.0,684.3,2438.1,62.2
2013-03-19 17:00:00,1073.0,457.1,2194.8,46.3
2013-03-19 18:00:00,1119.0,346.2,2211.8,50.0
2013-03-19 19:00:00,1214.0,546.6,2192.1,29.8
2013-03-19 20:00:00,1264.0,463.7,2177.0,33.9
2013-03-19 21:00:00,1060.0,375.5,1933.6,28.7
2013-03-19 22:00:00,1020.0,381.9,1712.6,25.5
2013-03-19 23:00:00,974.0,337.2,1397.0,18.3
2013-03-20 00:00:00,917.0,462.2,1245.7,17.3
2013-03-20 01:00:00,914.0,479.7,1153.2,22.1
2013-03-20 02:00:00,908.0,560.0,1111.4,23.5
2013-03-20 03:00:00,763.0,662.4,1205.7,24.1
2013-03-20 04:00:00,593.0,697.1,1167.8,26.6
2013-03-20 05:00:00,516.0,773.7,1091.0,22.2
2013-03-20 06:00:00,471.0,873.1,1076.0,26.3
2013-03-20 07:00:00,352.0,919.5,1184.5,28.7
2013-03-20 08:00:00,289.0,876.2,1285.1,23.0
2013-03-20 09:00:00,303.0,936.0,1481.7,21.4
2013-03-20 10:00:00,285.0,1071.9,1562.8,57.9
2013-03-20 11:00:00,283.0,1235.3,1612.2,49.0
2013-03-20 12:00:00,315.0,1172.6,1627.3,72.9
2013-03-20 13:00:00,494.0,1543.4,1823.1,42.3
2013-03-20 14:00:00,548.0,1586.5,2191.3,41.8
2013-03-20 15:00:00,626.0,1041.0,2136.1,56.8
2013-03-20 16:00:00,793.0,1152.7,1849.5,37.1
2013-03-20 17:00:00,911.0,798.4,1611.0,49.2
2013-03-20 18:00:00,1284.0,877.6,1595.5,50.9
2013-03-20 19:00:00,1140.0,789.4,1465.6,50.9
2013-03-20 20:00:00,971.0,662.2,1391.0,60.2
2013-03-20 21:00:00,865.0,548.1,1313.9,72.2
2013-03-20 22:00:00,707.0,612.8,1192.1,72.6
2013-03-20 23:00:00,523.0,575.1,1058.2,77.4
2013-03-21 00:00:00,663.0,555.9,1005.5,81.5
2013-03-21 01:00:00,651.0,368.1,1010.8,66.9
2013-03-21 02:00:00,714.0,418.5,945.0,30.8
2013-03-21 03:00:00,815.0,407.0,979.7,33.8
2013-03-21 04:00:00,904.0,448.7,1021.4,18.8
2013-03-21 05:00:00,852.0,341.5,966.3,12.5
2013-03-21 06:00:00,810.0,290.3,750.3,8.3
2013-03-21 07:00:00,711.0,318.8,652.5,8.5
2013-03-21 08:00:00,676.0,251.2,604.4,8.8
2013-03-21 09:00:00,660.0,202.0,466.5,5.2
2013-03-21 10:00:00,596.0,168.9,427.1,6.0
2013-03-21 11:00:00,570.0,229.3,327.4,4.9
2013-03-21 12:00:00,499.0,77.5,293.3,9.7
2013-03-21 13:00:00,491.0,87.5,253.0,10.4
2013-03-21 14:00:00,643.0,78.6,458.9,9.1
2013-03-21 15:00:00,674.0,57.4,508.2,4.6
2013-03-21 16:00:00,770.0,60.3,534.3,1.9
2013-03-21 17:00:00,712.0,148.3,526.7,0.2
2013-03-21 18:00:00,647.0,145.5,510.3,1.4
2013-03-21 19:00:00,634.0,138.9,533.6,0.9
2013-03-21 20:00:00,808.0,187.7,709.6,4.2
2013-03-21 21:00:00,968.0,252.3,933.2,2.6
2013-03-21 22:00:00,997.0,290.0,1051.5,3.1
2013-03-21 23:00:00,888.0,298.4,1136.4,0.9
2013-03-22 00:00:00,1049.0,371.8,1168.9,2.3
2013-03-22 01:00:00,1196.0,347.8,1242.9,4.0
2013-03-22 02:00:00,1264.0,350.9,1429.6,7.4
2013-03-22 03:00:00,1173.0,324.7,1606.4,6.2
2013-03-22 04:00:00,1041.0,463.5,1781.5,6.0
2013-03-22 05:00:00,945.0,628.6,1969.4,10.5
2013-03-22 06:00:00,1079.0,734.2,2169.8,10.8
2013-03-22 07:00:00,951.0,861.2,2577.8,7.6
2013-03-22 08:00:00,1201.0,974.8,2862.4,8.4
2013-03-22 09:00:00,1208.0,1337.1,3056.7,13.6
2013-03-22 10:00:00,1387.0,1457.5,3491.0,13.0
2013-03-22 11:00:00,1644.0,1610.7,3745.1,24.8
2013-03-22 12:00:00,1694.0,1848.3,4141.1,19.5
2013-03-22 13:00:00,1936.0,2114.8,4733.6,24.5
2013-03-22 14:00:00,2317.0,2392.8,5627.6,24.6
2013-03-22 15:00:00,2636.0,2326.3,5977.8,37.5
2013-03-22 16:00:00,2942.0,2504.5,5993.4,52.0
2013-03-22 17:00:00,2867.0,2879.0,6292.1,46.6
2013-03-22 18:00:00,2900.0,2827.3,6671.4,70.5
2013-03-22 19:00:00,3537.0,2700.5,7724.0,71.9
2013-03-22 20:00:00,4077.0,2942.4,8459.2,72.4
2013-03-22 21:00:00,4279.0,2851.0,8488.5,74.6
2013-03-22 22:00:00,4661.0,2899.6,8375.0,60.2
2013-03-22 23:00:00,4486.0,3211.5,8296.0,184.9
2013-03-23 00:00:00,4836.0,3431.2,7949.6,220.2
2013-03-23 01:00:00,4480.0,2939.2,8037.0,211.4
2013-03-23 02:00:00,4458.0,3547.4,8040.9,180.8
2013-03-23 03:00:00,4296.0,3567.8,7974.9,194.4
2013-03-23 04:00:00,4505.0,3864.4,7762.8,201.4
2013-03-23 05:00:00,4196.0,3843.4,7965.0,137.2
2013-03-23 06:00:00,3899.0,3674.6,7903.0,190.1
2013-03-23 07:00:00,4546.0,3679.4,8349.5,145.1
2013-03-23 08:00:00,5000.0,3470.7,8927.8,196.7
2013-03-23 09:00:00,6465.0,3441.9,9192.8,151.7
2013-03-23 10:00:00,6351.0,3505.5,9423.5,162.2
2013-03-23 11:00:00,6048.0,3048.8,9051.2,65.3
2013-03-23 12:00:00,5926.0,3466.4,8963.8,95.3
2013-03-23 13:00:00,5758.0,3455.1,8907.2,117.3
2013-03-23 14:00:00,5889.0,3560.7,8971.2,108.2
2013-03-23 15:00:00,6008.0,3648.4,8891.8,166.0
2013-03-23 16:00:00,5976.0,3368.0,8784.2,190.3
2013-03-23 17:00:00,5477.0,3292.5,8824.0,183.1
2013-03-23 18:00:00,5117.0,3360.8,8732.8,186.0
2013-03-23 19:00:00,5252.0,3411.5,8911.5,192.4
2013-03-23 20:00:00,5442.0,3562.3,9040.0,200.2
2013-03-23 21:00:00,5108.0,3332.8,8809.8,203.0
2013-03-23 22:00:00,4562.0,3252.5,8147.0,210.0
2013-03-23 23:00:00,3679.0,2913.5,7727.0,219.5
2013-03-24 00:00:00,3483.0,3155.6,7400.1,220.0
2013-03-24 01:00:00,3731.0,3505.4,7118.4,239.1
2013-03-24 02:00:00,3515.0,3568.5,6749.6,159.1
2013-03-24 03:00:00,3366.0,3683.7,6494.5,200.5
2013-03-24 04:00:00,3212.0,3386.6,6203.8,162.6
2013-03-24 05:00:00,3138.0,3406.0,6228.0,240.9
2013-03-24 06:00:00,3386.0,3291.2,6028.4,192.7
2013-03-24 07:00:00,2494.0,3127.2,6316.1,203.4
2013-03-24 08:00:00,2628.0,3351.3,7110.8,165.2
2013-03-24 09:00:00,3494.0,3168.0,7732.0,223.1
2013-03-24 10:00:00,3810.0,3113.1,7941.5,226.4
2013-03-24 11:00:00,4426.0,3250.8,8204.2,243.4
2013-03-24 12:00:00,5015.0,3374.9,7196.6,252.3
2013-03-24 13:00:00,5572.0,3391.0,7480.0,221.1
2013-03-24 14:00:00,5780.0,3462.0,8470.0,254.6
2013-03-24 15:00:00,5910.0,3290.2,8759.5,243.6
2013-03-24 16:00:00,6092.0,3575.2,9093.5,273.3
2013-03-24 17:00:00,5559.0,3616.4,8233.8,235.6
2013-03-24 18:00:00,5453.0,3485.7,7778.2,195.9
2013-03-24 19:00:00,5777.0,3607.1,7976.0,198.4
2013-03-24 20:00:00,5708.0,3702.4,7699.2,240.3
2013-03-24 21:00:00,5507.0,3063.2,7421.4,221.6
2013-03-24 22:00:00,5360.0,2968.9,7209.1,205.5
2013-03-24 23:00:00,5115.0,2758.3,6853.5,102.8
2013-03-25 00:00:00,4932.0,2642.1,6454.8,174.8
2013-03-25 01:00:00,4909.0,2509.0,6416.0,157.3
2013-03-25 02:00:00,4926.0,2614.7,6269.5,151.3
2013-03-25 03:00:00,4891.0,2568.1,6293.6,143.8
2013-03-25 04:00:00,5043.0,2479.5,6339.0,156.1
2013-03-25 05:00:00,5188.0,2424.3,6467.9,122.2
2013-03-25 06:00:00,5036.0,2270.8,6388.6,123.2
2013-03-25 07:00:00,4873.0,2317.6,7305.9,112.8
2013-03-25 08:00:00,5341.0,2344.8,8361.0,100.6
2013-03-25 09:00:00,6596.0,2536.5,8644.5,73.8
2013-03-25 10:00:00,6453.0,2343.1,8331.5,85.9
2013-03-25 11:00:00,6607.0,2452.6,8352.8,85.5
2013-03-25 12:00:00,6471.0,2722.1,8275.5,96.4
2013-03-25 13:00:00,6448.0,2602.0,8535.8,91.7
2013-03-25 14:00:00,6356.0,2823.4,8756.2,69.3
2013-03-25 15:00:00,6133.0,2686.5,8576.0,104.1
2013-03-25 16:00:00,5933.0,2461.2,8313.2,94.1
2013-03-25 17:00:00,5773.0,2304.0,8084.0,103.5
2013-03-25 18:00:00,5574.0,1986.0,7098.6,103.1
2013-03-25 19:00:00,5567.0,1799.7,6698.8,103.8
2013-03-25 20:00:00,5199.0,1843.0,6558.5,95.1
2013-03-25 21:00:00,4587.0,1743.9,6141.0,76.4
2013-03-25 22:00:00,4471.0,1696.3,5518.8,75.6
2013-03-25 23:00:00,4599.0,1375.6,4803.5,62.9
2013-03-26 00:00:00,4308.0,1335.9,4395.1,71.6
2013-03-26 01:00:00,4386.0,1404.5,4091.6,62.6
2013-03-26 02:00:00,4178.0,1301.5,3916.2,66.5
2013-03-26 03:00:00,4090.0,1125.7,3814.9,71.4
2013-03-26 04:00:00,4060.0,1275.1,3654.6,64.2
2013-03-26 05:00:00,3910.0,1316.4,3535.5,53.3
2013-03-26 06:00:00,3660.0,1422.1,3158.7,61.8
2013-03-26 07:00:00,2652.0,1406.7,3125.2,67.4
2013-03-26 08:00:00,2251.0,1578.5,3999.8,49.8
2013-03-26 09:00:00,3306.0,1961.2,5597.6,51.3
2013-03-26 10:00:00,4511.0,2225.0,6021.9,37.9
2013-03-26 11:00:00,5334.0,2230.9,6101.9,49.9
2013-03-26 12:00:00,5012.0,2033.8,6464.8,28.9
2013-03-26 13:00:00,4414.0,2196.7,6599.4,55.8
2013-03-26 14:00:00,4756.0,2030.2,6607.0,59.8
2013-03-26 15:00:00,4762.0,1925.6,6619.4,54.4
2013-03-26 16:00:00,4263.0,1745.2,6134.6,41.9
2013-03-26 17:00:00,3897.0,1443.3,5223.4,64.2
2013-03-26 18:00:00,3903.0,1175.8,4036.9,48.7
2013-03-26 19:00:00,3646.0,977.0,3744.3,41.8
2013-03-26 20:00:00,3598.0,952.8,3313.7,36.5
2013-03-26 21:00:00,3325.0,914.1,2928.9,43.2
2013-03-26 22:00:00,2906.0,867.5,2722.4,29.6
2013-03-26 23:00:00,2733.0,875.3,2573.4,27.8
2013-03-27 00:00:00,2860.0,917.3,2288.9,27.8
2013-03-27 01:00:00,2909.0,973.4,2249.2,24.5
2013-03-27 02:00:00,2724.0,928.4,2297.3,28.9
2013-03-27 03:00:00,2863.0,769.4,2321.6,24.7
2013-03-27 04:00:00,2858.0,766.9,2260.8,22.6
2013-03-27 05:00:00,2834.0,1054.4,2306.4,17.8
2013-03-27 06:00:00,2573.0,957.6,2247.0,24.1
2013-03-27 07:00:00,2025.0,971.2,2231.2,25.9
2013-03-27 08:00:00,1951.0,1308.6,2540.0,30.1
2013-03-27 09:00:00,2299.0,1686.4,3858.7,23.7
2013-03-27 10:00:00,3237.0,1667.4,4849.0,23.9
2013-03-27 11:00:00,3912.0,1489.3,4922.2,16.6
2013-03-27 12:00:00,4395.0,1654.5,4758.0,22.1
2013-03-27 13:00:00,4370.0,1622.9,5056.2,10.9
2013-03-27 14:00:00,4857.0,1651.7,5460.8,15.1
2013-03-27 15:00:00,4780.0,1530.4,5652.0,18.8
2013-03-27 16:00:00,4465.0,1392.2,5751.2,14.8
2013-03-27 17:00:00,3978.0,1204.9,5010.4,15.9
2013-03-27 18:00:00,3625.0,968.1,3925.3,15.5
2013-03-27 19:00:00,3702.0,1085.9,3508.2,32.5
2013-03-27 20:00:00,3064.0,1070.1,3305.6,27.7
2013-03-27 21:00:00,2513.0,873.4,2911.1,32.2
2013-03-27 22:00:00,2425.0,833.4,2601.2,24.4
2013-03-27 23:00:00,2166.0,572.7,2365.0,38.6
2013-03-28 00:00:00,1759.0,627.7,2345.9,41.8
2013-03-28 01:00:00,1674.0,547.4,2125.1,31.2
2013-03-28 02:00:00,1661.0,635.5,2069.1,43.6
2013-03-28 03:00:00,1661.0,734.1,2058.1,48.4
2013-03-28 04:00:00,1601.0,612.6,1966.9,25.5
2013-03-28 05:00:00,1669.0,603.0,1908.1,37.4
2013-03-28 06:00:00,1535.0,507.5,1709.6,43.2
2013-03-28 07:00:00,1569.0,488.5,1615.8,39.1
2013-03-28 08:00:00,1469.0,432.4,1848.3,33.8
2013-03-28 09:00:00,1598.0,450.7,2030.9,24.0
2013-03-28 10:00:00,1597.0,377.3,2513.8,9.7
2013-03-28 11:00:00,1799.0,417.3,2430.6,12.4
2013-03-28 12:00:00,1762.0,341.8,2296.2,5.9
2013-03-28 13:00:00,1792.0,316.3,2327.2,10.6
2013-03-28 14:00:00,1880.0,338.7,2280.6,19.4
2013-03-28 15:00:00,2058.0,326.7,2178.1,24.7
2013-03-28 16:00:00,2157.0,310.4,2182.0,17.1
2013-03-28 17:00:00,1962.0,208.0,1830.0,22.7
2013-03-28 18:00:00,1970.0,189.6,1517.1,27.7
2013-03-28 19:00:00,1572.0,222.7,1418.8,28.4
2013-03-28 20:00:00,1417.0,180.7,1292.8,24.3
2013-03-28 21:00:00,1523.0,135.2,1336.6,45.6
2013-03-28 22:00:00,1453.0,184.5,1168.4,53.5
2013-03-28 23:00:00,1257.0,285.3,1032.5,82.3
2013-03-29 00:00:00,1053.0,378.9,973.2,64.2
2013-03-29 01:00:00,974.0,367.8,909.4,79.9
2013-03-29 02:00:00,938.0,323.7,867.2,73.0
2013-03-29 03:00:00,852.0,266.6,890.2,79.2
2013-03-29 04:00:00,860.0,291.4,826.0,83.3
2013-03-29 05:00:00,1063.0,373.6,751.4,79.9
2013-03-29 06:00:00,1117.0,330.6,705.2,61.9
2013-03-29 07:00:00,1341.0,165.7,567.3,20.4
2013-03-29 08:00:00,1304.0,87.7,529.6,8.5
2013-03-29 09:00:00,1364.0,67.1,544.7,7.9
2013-03-29 10:00:00,1327.0,40.7,477.8,2.5
2013-03-29 11:00:00,1308.0,33.0,429.8,4.4
2013-03-29 12:00:00,1166.0,41.4,390.4,1.5
2013-03-29 13:00:00,925.0,46.5,477.6,2.8
2013-03-29 14:00:00,687.0,47.8,485.5,2.1
2013-03-29 15:00:00,759.0,78.9,441.6,2.1
2013-03-29 16:00:00,751.0,48.1,426.2,0.8
2013-03-29 17:00:00,634.0,62.2,341.0,0.9
2013-03-29 18:00:00,695.0,68.5,302.8,0.2
2013-03-29 19:00:00,726.0,67.3,294.7,2.2
2013-03-29 20:00:00,650.0,58.5,262.2,6.9
2013-03-29 21:00:00,566.0,66.6,210.2,6.2
2013-03-29 22:00:00,449.0,100.1,192.3,10.3
2013-03-29 23:00:00,413.0,90.3,154.7,10.2
2013-03-30 00:00:00,460.0,199.4,158.1,6.5
2013-03-30 01:00:00,435.0,163.9,152.6,6.2
2013-03-30 02:00:00,462.0,126.8,166.4,4.3
2013-03-30 03:00:00,442.0,58.4,148.1,8.9
2013-03-30 04:00:00,363.0,49.6,149.8,18.0
2013-03-30 05:00:00,347.0,75.8,203.2,19.7
2013-03-30 06:00:00,357.0,61.6,188.3,22.0
2013-03-30 07:00:00,309.0,115.0,215.9,21.4
2013-03-30 08:00:00,376.0,115.3,180.9,15.8
2013-03-30 09:00:00,341.0,139.4,218.9,11.4
2013-03-30 10:00:00,242.0,133.5,312.7,13.1
2013-03-30 11:00:00,151.0,99.8,400.0,6.0
2013-03-30 12:00:00,167.0,157.7,391.8,6.4
2013-03-30 13:00:00,134.0,109.7,471.9,4.0
2013-03-30 14:00:00,172.0,152.2,432.4,10.1
2013-03-30 15:00:00,212.0,209.2,501.4,8.9
2013-03-30 16:00:00,216.0,253.5,565.4,12.8
2013-03-30 17:00:00,246.0,370.2,583.6,11.8
2013-03-30 18:00:00,276.0,262.1,530.8,33.0
2013-03-30 19:00:00,283.0,262.9,630.1,33.0
2013-03-30 20:00:00,263.0,376.9,556.8,35.1
2013-03-30 21:00:00,254.0,327.8,503.8,32.1
2013-03-30 22:00:00,272.0,329.2,443.9,36.8
2013-03-30 23:00:00,308.0,306.8,453.9,52.6
2013-03-31 00:00:00,413.0,186.9,470.4,30.2
2013-03-31 01:00:00,475.0,190.4,508.4,36.5
2013-03-31 02:00:00,478.0,201.4,470.3,12.6
2013-03-31 03:00:00,536.0,181.0,465.0,27.2
2013-03-31 04:00:00,620.0,175.0,492.0,25.4
2013-03-31 05:00:00,612.0,250.7,584.5,29.3
2013-03-31 06:00:00,614.0,141.8,599.4,25.3
2013-03-31 07:00:00,470.0,179.1,573.1,23.3
2013-03-31 08:00:00,547.0,197.2,543.7,23.1
2013-03-31 09:00:00,553.0,179.9,575.3,17.4
2013-03-31 10:00:00,702.0,164.2,633.7,14.2
2013-03-31 11:00:00,734.0,164.7,714.7,14.7
2013-03-31 12:00:00,908.0,127.8,736.5,8.8
2013-03-31 13:00:00,975.0,112.0,818.2,11.9
2013-03-31 14:00:00,1225.0,155.8,844.0,15.8
2013-03-31 15:00:00,1262.0,153.4,1017.8,14.8
2013-03-31 16:00:00,1234.0,66.9,887.9,8.2
2013-03-31 17:00:00,1000.0,74.5,762.9,8.0
2013-03-31 18:00:00,941.0,67.3,757.9,11.3
2013-03-31 19:00:00,886.0,134.3,707.2,10.7
2013-03-31 20:00:00,747.0,237.3,647.9,8.3
2013-03-31 21:00:00,838.0,391.3,600.5,12.0
2013-03-31 22:00:00,854.0,406.4,611.6,17.6
2013-03-31 23:00:00,912.0,384.0,607.8,17.9
